,query
0,ashcanvas loafer
2,black backpack
5,black belt
11,black boot
22,black coat outerwear
26,black duffle bag
28,black fashion watch
32,black flat
34,black handbag
39,black hat
41,black heel
49,black loafer
57,black luggage
61,black pant
66,black sandal
72,black shirt top
79,black short
81,black swimwear
84,black underwear intimate
92,black wallet
98,blackcanvas loafer
100,blackfullgrain boot
102,blackkidsuede heel
104,blackleather heel
109,blackleather loafer
115,blacknubuck boot
117,blackpatent heel
120,blacksuede heel
123,blackvachetta heel
125,boat cut boot
305855,boat cut jean
306495,brown fashion watch
306501,chestnut boot
306503,cognac belt
306505,combo sock black color
306507,comfortable jumpsuit romper range
306573,comfortable sleepwear range
306581,khaki shirt top
306583,leopard sandal
306585,meme hoodies sweatshirt trend
306633,natural heel
306636,navy hat
306638,party backpack
306686,party belt
306694,party boot
309179,party bracelet
309183,party coat outerwear
309219,party dress
309449,party duffle bag
309458,party earring
309466,party fashion watch
309592,party flat
310204,party handbag
310337,party hat
310407,party heel
314117,party hosiery tights
314153,party loafer
315071,party luggage
315083,party luxury watch
315155,party oxford
315230,party pant
315590,party ring
315594,party sandal
317546,party shirt top
318606,party short
318815,party skirt
318824,party slipper
318836,party sunglass
318936,party sweater
318956,party swimwear
319187,party underwear
319235,party underwear intimate
319815,party wallet
319833,redcanvas loafer
319835,rosegold fashion watch
319839,silver fashion watch
319841,wheatnubuck boot
319843,white flat
319845,white shirt top
319849,white underwear intimate
